c1_m1;c1_m2;c1_m3;c2_m1;c2_m2;c2_m3;aspiracjaK;aspiracjaR;sredniKoszt;ryzyko;Rozwi¹zanie
0;801;299;566;0;634;85635;2466.03;85697.2;2473.44;-0.003414127932943805
11;156;933;231;604;365;99635;2866.03;99634.1;885.174;5.996792024599788e-009
3;141;956;856;0;344;99635;3066.03;94385.3;2269.65;2.79787e-005
